trial,objective,precision,recall,f1,fpr,approve_threshold,block_threshold,cap,fpr_le_target,precision_ge_target,policy_pass
145,0.366079634405209,0.12416080239424088,0.5942702284165698,0.205406128730095,0.15200499757842056,0.33225984837222255,0.550425697388346,0.2524310906761248,False,False,False
278,0.365923961246023,0.12410530146791217,0.5940766550522648,0.20531861515303562,0.1520330738616822,0.2923475558799493,0.5504523482009669,0.3202039100351314,False,False,False
166,0.3652444621412807,0.12785871590716585,0.5843979868370113,0.2098130516366669,0.14454372530164455,0.3198056532222444,0.5613860135611344,0.2840032549518422,False,False,False
148,0.3650794395791386,0.12505639637422583,0.5902051877661634,0.20638305073273092,0.1497308186342292,0.2611567831897572,0.5548103038273571,0.14834244911439903,False,False,False
129,0.364823139186652,0.12845368749199298,0.5822686798296555,0.21047475772312213,0.14325221627160997,0.3159299319991482,0.5633277590468878,0.2065881960020961,False,False,False
105,0.36403126285635334,0.12743355341120705,0.5828493999225707,0.2091407932208099,0.1447121830012143,0.27535015918004646,0.5633599280300312,0.18153948726943508,False,False,False
32,0.3638430375102898,0.12934504999783558,0.578397212543554,0.2114126012664945,0.14117457131024994,0.23096744371605527,0.5676071929228595,0.23434264423330609,False,False,False
84,0.3637549718436059,0.12889329255158746,0.5791715060007743,0.2108601430635329,0.14193263095831374,0.2997988256644476,0.5651002287771567,0.3994014466677204,False,False,False
143,0.3636545651574843,0.13055506762691024,0.575493612078978,0.2128284057556017,0.13897058307421264,0.2929278149573835,0.5696347827377837,0.20925512619621806,False,False,False
98,0.3635722769034555,0.1305684913452245,0.5753000387146728,0.21283299914064738,0.138907411436874,0.2613915097023629,0.568297281588114,0.31912396597091086,False,False,False
109,0.363546182728273,0.1296127265614813,0.5772357723577236,0.21169204557555105,0.14055689307849428,0.30354438039816767,0.5682569197160823,0.21105486787346836,False,False,False
164,0.3632438707296205,0.12996941896024464,0.575880758807588,0.2120758483033932,0.13978479528879967,0.3413291367512359,0.5684793040281666,0.22188700120599164,False,False,False
185,0.3628133184820728,0.13257353934861932,0.5696864111498258,0.21509227114927829,0.13515922762144747,0.26954057097306705,0.5729338959341939,0.30860021444394115,False,False,False
104,0.36242433689005,0.13132841000088977,0.5714285714285714,0.21357256547532918,0.13705437674160695,0.23273032803662477,0.5722402414165482,0.2767093560369823,False,False,False
296,0.36235447872789517,0.13347003873319663,0.5669763840495547,0.21607465604367232,0.13347465062575017,0.3322940548094655,0.5762856430148395,0.3974567726503426,False,False,False
96,0.36225266226217545,0.13211190444115137,0.5694928377855207,0.21447056679424092,0.13565758164934125,0.21623669480248592,0.5736220453549978,0.21076024340798344,False,False,False
274,0.36225173600293276,0.1337570879824401,0.5662020905923345,0.21639417030406155,0.13296225845622556,0.247980677128836,0.5773193397669947,0.3331626984025722,False,False,False
289,0.3621569346517669,0.1309708608684082,0.5716221447928765,0.21311297946811966,0.1375316735570545,0.2599214252102804,0.572859303845933,0.28275907984637183,False,False,False
254,0.3617611417732324,0.1327774504916844,0.5671699574138599,0.21518011236367643,0.13432395819441423,0.35066016308144626,0.5744825074870606,0.3013791575287715,False,False,False
230,0.3615051787343302,0.134971890535706,0.5623306233062331,0.217692682378508,0.1306810604412188,0.32230726679749755,0.5823921848516525,0.14609282853142538,False,False,False
118,0.36139453661461696,0.1352573666542335,0.5615563298490128,0.2180055609829413,0.130182706413325,0.3419363997734382,0.5797301763531225,0.24195863009773005,False,False,False
282,0.3612948614780585,0.13455841510831326,0.5627177700348432,0.2171834142697049,0.13123556703563583,0.3513979108986935,0.5808592907279171,0.3957589754875971,False,False,False
266,0.3601974958259995,0.13777179141812584,0.5543941153697252,0.22069815828003392,0.12580982529532742,0.2655727901797037,0.5898003436574831,0.1996653218759946,False,False,False
211,0.36017339289330674,0.1387862283602412,0.5524583817266744,0.22184220753983677,0.12430774414083064,0.2437512405724596,0.5940157680806741,0.41192130087459256,False,False,False
271,0.35987791088904264,0.13815948546834952,0.5530391018195896,0.22108725091893983,0.12509388007215605,0.3719592649823745,0.5886218521366395,0.22747928721340283,False,False,False
287,0.35980503065488967,0.13870779410333756,0.5518776616337592,0.22169517884914464,0.1242586106451228,0.22458481671809744,0.5931416066733708,0.448929702137619,False,False,False
198,0.35977517940806863,0.13878067783404752,0.5516840882694541,0.22177262469846704,0.1241392864412609,0.3244242823685265,0.590083831447008,0.3342035277317562,False,False,False
62,0.35880339282913265,0.14102756516083845,0.5456833139759969,0.22413039157225204,0.1205174459005117,0.36916309562740945,0.5963108740849171,0.30615139522558354,False,False,False
165,0.3585165453839475,0.14082254759882065,0.5454897406116919,0.2238551058505779,0.12067888452926602,0.280956750615854,0.5952607653267403,0.29600833387985137,False,False,False
344,0.35832940444425354,0.1406187624750499,0.5454897406116919,0.2235975561374276,0.12088243758291277,0.25375542209942914,0.598308401195046,0.22826581273444851,False,False,False
13,0.358020704634888,0.14103657618784807,0.5441347270615563,0.2240108379487588,0.12016649235974142,0.20445919599424695,0.5969319186092661,0.37897193825322184,False,False,False
4,0.3576575343191421,0.14096385542168674,0.5435540069686411,0.22386988758670173,0.12011033979321817,0.23494924953191437,0.5992479316204686,0.30768459466445497,False,False,False
53,0.35726933574690184,0.14239069435232896,0.5402632597754549,0.22538054669519925,0.11799058040696572,0.3100125270583881,0.6040970178742827,0.2546917005162343,False,False,False
262,0.35639540162544164,0.1435228331780056,0.5365853658536586,0.22647058823529412,0.11610946942843707,0.27321170981367715,0.6027495919331533,0.1324958184922323,False,False,False
345,0.3562349090238896,0.14851323385252152,0.5278745644599303,0.23180890853451208,0.10974317219886431,0.36946807339113236,0.6140998891487861,0.22831947327277752,False,False,False
237,0.3562272577363166,0.1476800086425755,0.5292295780100658,0.23092191393217618,0.1107539183962827,0.3266527849399634,0.6139065295990687,0.3148218383707418,False,False,False
194,0.35598273066309755,0.14463264985054278,0.5338753387533876,0.2276047039405818,0.1144880640700784,0.3765610279208117,0.6094180988361859,0.2643869977345965,False,False,False
180,0.3558854622597856,0.1472822280881323,0.5292295780100658,0.23043533229381769,0.11110487193705297,0.38632029303864307,0.6153392388060335,0.20470304440691528,False,False,False
315,0.35585592843582403,0.14562798092209858,0.5319396051103368,0.22865701447828257,0.11316145968596678,0.38748054037518964,0.610769177484464,0.33661765080804207,False,False,False
140,0.3555568548043469,0.14505749551640468,0.532326751838947,0.22798872492124025,0.11376509977609164,0.2649355630216592,0.608145185661714,0.2896359046928254,False,False,False
243,0.3554572325483592,0.14890350877192982,0.5257452574525745,0.23207724515081604,0.10896405533835431,0.23074269315801316,0.6170835895658292,0.12354872680800842,False,False,False
307,0.3554432327394408,0.14853053643614117,0.5263259775454897,0.23168029993183367,0.10940625679972485,0.4157878825402119,0.6159397287282962,0.1634979832382157,False,False,False
63,0.3554023186906181,0.14579677779550168,0.5307781649245064,0.22875735202102365,0.11276137264948866,0.24403457479326998,0.6079175707170393,0.25950223130978056,False,False,False
341,0.35528503057447103,0.14953632148377125,0.524390243902439,0.232711966325917,0.10814282405295186,0.3389280331853492,0.6179837692457608,0.18271349320241054,False,False,False
290,0.35509915357843636,0.14919621228804228,0.5245838172667441,0.23231890270038577,0.10847272038127592,0.38098181988827096,0.6159449545337987,0.30116382039859113,False,False,False
234,0.3549242091502212,0.14958801083890946,0.5236159504452187,0.2326981805669061,0.10793927099930511,0.34357432199138793,0.6169403347637986,0.15543073039655497,False,False,False
306,0.35446584756933897,0.1502480905391091,0.521680216802168,0.23330303423797774,0.10698467736840997,0.3595867029404476,0.618277570391543,0.2973873535003772,False,False,False
156,0.3534319400418041,0.15132323003845283,0.5180023228803716,0.23422319474835887,0.1053422147976051,0.2644217728182493,0.623074454285259,0.24879112678487325,False,False,False
8,0.3520466736775457,0.1529887380883627,0.5127758420441347,0.23566567323517637,0.10294169257873642,0.39568380681257154,0.6274782854451595,0.27916013419115704,False,False,False
279,0.35200503760648233,0.15243622155826247,0.513550135501355,0.23509082853345148,0.1035383135980459,0.36759112595725296,0.6291519900794272,0.22985126638663536,False,False,False
201,0.3518692465951847,0.15339986075655604,0.5118079752226093,0.23605035264708507,0.10242228133839643,0.2849156159510743,0.6275521003028277,0.2695533385661918,False,False,False
50,0.35097466453800724,0.15305175214666977,0.5106465350367789,0.23551468618873314,0.10246439576328886,0.33297152283651704,0.6305127461845969,0.2521489109309418,False,False,False
196,0.34958610815392915,0.15323051758382988,0.5077429345722029,0.2354155447854963,0.10174143146930209,0.23337395877296283,0.6326950373185465,0.2520219636178991,False,False,False
286,0.34921476660162565,0.15378734415431664,0.5061943476577623,0.2359043752819125,0.10099740996286911,0.41352218665805274,0.6332076762193393,0.4172249609215402,False,False,False
220,0.3489072168496458,0.15455785540596642,0.5044521873790166,0.23661869523766288,0.10005685447360478,0.4240712751940374,0.6333999380484397,0.18442973559979123,False,False,False
293,0.34876798264127196,0.1551590380139643,0.5032907471931862,0.23719381471513934,0.09936898553369505,0.3183402532993663,0.6353289147518728,0.28916237185769744,False,False,False
77,0.3487583726616007,0.15424210152644657,0.5046457607433217,0.23626971179989126,0.100337617306221,0.23860577200553562,0.6349968023694951,0.43549539764246764,False,False,False
264,0.3487495474152801,0.15500595947556614,0.5034843205574913,0.237036361979404,0.09952340509163397,0.3066587493886127,0.6334200191319659,0.2595589583381581,False,False,False
248,0.347902867876224,0.1561518008218516,0.500193573364305,0.2380031316201529,0.0980143048663218,0.357917096394984,0.6372098968187897,0.3590388312981244,False,False,False
69,0.3470037944657172,0.15685077815074763,0.49748354626403407,0.2385040137348615,0.09696846331482638,0.3725316923946149,0.6391086319312796,0.2730129858448953,False,False,False
209,0.3470037944657172,0.15685077815074763,0.49748354626403407,0.2385040137348615,0.09696846331482638,0.31273118682899864,0.6391703363529341,0.1434588409918768,False,False,False
127,0.3462747789550346,0.1591349459341209,0.49283778552071233,0.2405858729033782,0.09442755967964961,0.3371535148305519,0.642506423773658,0.19481055513185452,False,False,False
184,0.34616687717376415,0.15777448437692973,0.494579945799458,0.23923220973782772,0.09573310685131502,0.4198667138974691,0.6404990187778338,0.2576274515207288,False,False,False
60,0.3457449400287014,0.15749537322640345,0.49419279907084784,0.23886601796407186,0.09585945012599233,0.25479730411965806,0.6396031168170565,0.2414084322731998,False,False,False
233,0.3451099267001977,0.1597928377439525,0.4897406116918312,0.24096385542168675,0.09337469905733879,0.2439624373202515,0.6449989807515524,0.3476181487603567,False,False,False
134,0.3449359132975834,0.15983813859382903,0.4893534649632211,0.2409684491468878,0.09326941299510771,0.2264855892477404,0.6470833334484944,0.3066037523711584,False,False,False
107,0.3430350927590881,0.1619078520441272,0.4829655439411537,0.24251555209953343,0.09065129958096148,0.22706236036871427,0.653307047760246,0.1330548687687633,False,False,False
152,0.3428636911000057,0.16111146927986592,0.483739837398374,0.24171785075204333,0.0913321494500558,0.28154066050089155,0.6509090741484855,0.15021474534228774,False,False,False
106,0.3426650038718719,0.1619741205540022,0.4821912504839334,0.2424920905329764,0.09046178466894553,0.23098451361021946,0.6525405707977693,0.2832180739115695,False,False,False
339,0.3415035275784036,0.16296540362438222,0.47870692992644215,0.24315422053979646,0.0891562374972801,0.30341506767342985,0.6546427591857191,0.4121062429800021,False,False,False
314,0.34116513398730663,0.1630779392338177,0.47793263646922185,0.2431793558554122,0.08893864630200254,0.32054819741457563,0.6554911974763444,0.1565442462899883,False,False,False
294,0.3410356234924281,0.16464517858339475,0.47560975609756095,0.2446114789188113,0.08749973678484442,0.3386124704991319,0.6585540412395342,0.2895271185851278,False,False,False
82,0.34046794208480435,0.16532666711708668,0.47367402245451024,0.2451044222967897,0.08671360085351901,0.44851944311309466,0.6613292804550206,0.3084852294783945,False,False,False
276,0.34015994928906806,0.16519154111208703,0.4732868757259001,0.2449040917513898,0.08672763899514982,0.20588202745581935,0.6596073886351054,0.2210656551091595,False,False,False
48,0.34005295710264194,0.16578339448294604,0.4723190089043748,0.24542345604506136,0.0861801514715482,0.4240305206059076,0.659768306321304,0.15981626135641652,False,False,False
348,0.339539077016542,0.1679151061173533,0.4686411149825784,0.24724264705882354,0.08420779257241927,0.2169621957259988,0.6664549368121668,0.30594493370061887,False,False,False
157,0.3393458763608891,0.16718394372025658,0.4692218350754936,0.24652936689549962,0.08475528009602089,0.2676526737987985,0.6673194699708767,0.34219834144264516,False,False,False
155,0.33931862731102724,0.16805671392827357,0.46806039488966317,0.24731512733967476,0.08401827766040332,0.35220195230139856,0.6665522287690547,0.3216163638775106,False,False,False
332,0.33924558857820825,0.16779966703662597,0.46825396825396826,0.24706362986416097,0.08420779257241927,0.2612217371201017,0.6647978676988546,0.40104433577037374,False,False,False
154,0.33904241285530823,0.16750917526487086,0.46825396825396826,0.2467486101902382,0.08438326934280439,0.2538926775825546,0.6660567179012271,0.1700490238972167,False,False,False
100,0.3389272897171868,0.16856603509753199,0.46670538133952766,0.2476757922851713,0.08347079013680168,0.38353658644022953,0.6688728575907349,0.4310475721037315,False,False,False
94,0.33884042085090016,0.1670693821194339,0.46844754161827334,0.24629789832578494,0.08468508938786684,0.26260827168297207,0.6630346728287065,0.2146744964759401,False,False,False
244,0.3388308985177483,0.1690427698574338,0.4659310878823074,0.24808039165163617,0.08304964588787736,0.20581511003044195,0.6698453776392261,0.32797771334108616,False,False,False
191,0.33826710624537104,0.16884485666104554,0.4651567944250871,0.2477575007732756,0.08302858867543114,0.3038203534346979,0.6676010079836969,0.3768589553568115,False,False,False
42,0.33776189279961766,0.17013097949886105,0.4626403406891212,0.2487769334859998,0.08182832756599681,0.3554480074651891,0.6714301739518751,0.2969461363267538,False,False,False
56,0.33660254022565156,0.17222303100888048,0.45799457994579945,0.25031739314430806,0.07982087331279085,0.415142479823594,0.6763289107080036,0.38929848552843427,False,False,False
151,0.33638341961712553,0.1733470618518791,0.4562524196670538,0.25123914086233545,0.07889435596515733,0.4448108098966986,0.6776861077047801,0.1893287508617661,False,False,False
327,0.3356794116526909,0.17326258383079077,0.4550909794812234,0.25097411262343206,0.07873993640721841,0.2526510465282738,0.6807029112350168,0.33490983649828476,False,False,False
133,0.335611553228241,0.17316049200854386,0.4550909794812234,0.2508669903430614,0.07879608897374166,0.4057339692982743,0.6799819735244981,0.18906152469874382,False,False,False
259,0.33535763877373426,0.1737551867219917,0.453929539295393,0.25131282820705175,0.07826965866258624,0.3138075869127893,0.6797607983633833,0.3145450961971317,False,False,False
178,0.3349259854650397,0.1740845489729086,0.4527680991095625,0.25147833566283195,0.07789062883855435,0.2386111608713465,0.6805405401855864,0.31541839181098763,False,False,False
223,0.3349125646173524,0.17390011890606422,0.4529616724738676,0.2513156481580926,0.07802399118404706,0.27409687219825307,0.679767736510613,0.19797573350059866,False,False,False
11,0.33428946998459896,0.1741044776119403,0.4516066589237321,0.2513196165032856,0.07768005671409219,0.24910866642864332,0.6834391793470408,0.4086054734763633,False,False,False
167,0.33404473947540686,0.17439161362785474,0.4508323654665118,0.25149829922790345,0.07739227481066056,0.2213894102545983,0.6838259369578162,0.15358937628717576,False,False,False
227,0.32999725894271253,0.17654349678518863,0.44115369725125825,0.25217150760719226,0.07461272276776,0.39079677059881096,0.6862550287987558,0.21851894208820605,False,False,False
36,0.3297281997734232,0.17697875321036657,0.44018583042973286,0.2524562864279767,0.07422667387291271,0.3633598022523738,0.6880949160314459,0.31494578207404283,False,False,False
162,0.3296883190334398,0.17795213809336996,0.43902439024390244,0.25325219139076544,0.07353880493300297,0.2701471551331873,0.6921582382806205,0.12428780506169276,False,False,False
163,0.3292404401456377,0.17707195255189637,0.43921796360820753,0.25239154616240267,0.07401610174845054,0.2888010808990019,0.6884946607072955,0.21400534784648373,False,False,False
273,0.32915530128731707,0.17659409020217728,0.43960511033681765,0.2519693775657384,0.07432494086432838,0.43598690238118065,0.6894966948391973,0.18738225108186138,False,False,False
295,0.3291491478182038,0.17761919698870765,0.43844367015098723,0.25281839491014624,0.07360899564115703,0.3781241525908053,0.6910563323631495,0.17821275070195694,False,False,False
189,0.3281485736188497,0.17742315855671723,0.43689508323654663,0.252362050651311,0.0734475570124027,0.4319619754569535,0.6894156060219233,0.21178842600509046,False,False,False
267,0.32813764857205285,0.17827739075364155,0.4359272164150213,0.2530621418136869,0.07285795506390864,0.3017214899787134,0.6911017118949616,0.422921025535547,False,False,False
299,0.32694461916826895,0.17971830985915493,0.43224932249322495,0.25387982491046557,0.07153836975061241,0.3670139964216872,0.6945699912283286,0.1448436428718348,False,False,False
55,0.32553433323696335,0.18083802989463366,0.42857142857142855,0.25435119765638464,0.07039426120770133,0.3580506250287156,0.6990286652928265,0.2816420045105127,False,False,False
119,0.325070521303738,0.18062249816191486,0.42799070847851334,0.25403573275119207,0.07040128027851673,0.4472729848749756,0.6972251441741989,0.28521807741821903,False,False,False
325,0.3238191209960943,0.18147995039272427,0.4248935346496322,0.25433057180928104,0.06948880107251403,0.2617032226572986,0.6994989731842072,0.25979734738260923,False,False,False
81,0.32289575704510654,0.1821595460614152,0.42257065427797136,0.25457725947521864,0.06879391306178888,0.4029970503776362,0.7027941460807834,0.17790254137109898,False,False,False
272,0.3226704415623327,0.18196981069135185,0.42237708091366627,0.2543568222882788,0.06885006562831213,0.23693836126802686,0.7019649998748293,0.43678099838365153,False,False,False
329,0.3226521870425271,0.1819394646877345,0.42237708091366627,0.25432717524331255,0.06886410376994294,0.4188595599485604,0.7018249045631938,0.1677131704918382,False,False,False
193,0.3215857541450155,0.18426889609281694,0.4181184668989547,0.25580293699668405,0.06711635513690697,0.39875685182403875,0.7066408628513937,0.13318083527853483,False,False,False
245,0.32101113219662314,0.18443359876701773,0.4169570267131243,0.25574354407836153,0.06685664951673698,0.2968751338846921,0.7062911624839084,0.34454225016051054,False,False,False
35,0.3200161143404547,0.18522363526256597,0.41444057297715836,0.2560239162929746,0.0661056089394886,0.23359172832826539,0.7071127391756274,0.28398247672301535,False,False,False
228,0.32000295803803386,0.18539374512691675,0.4142469996128533,0.2561493805733437,0.0660003228772575,0.2353578220064657,0.7074254347530733,0.40567672166699165,False,False,False
102,0.3173384996815883,0.1872223209525502,0.4078590785907859,0.2566382460414129,0.06420344074851371,0.3535965266337965,0.7129511811223119,0.13057438449479847,False,False,False
268,0.3167045846376348,0.18611430085681477,0.4078590785907859,0.2555953175228968,0.06467371849314588,0.407357140040801,0.710627772213084,0.33973172309754773,False,False,False
331,0.31311733314808365,0.1889958734525447,0.3989547038327526,0.25648683964905733,0.06207666229144586,0.223336561420168,0.7194398644950668,0.2082362213022702,False,False,False
135,0.31270580790446684,0.18969338751385298,0.3975996902826171,0.25684631736901337,0.06158532733436747,0.38641199780946445,0.7207744773250535,0.3898856522861667,False,False,False
34,0.3126574032595804,0.18960583402566233,0.3975996902826171,0.2567660478779924,0.061620422688444504,0.34758006272078723,0.7206842291315687,0.21865140486923884,False,False,False
231,0.31262776840063644,0.1897587577410112,0.397406116918312,0.25686581169846734,0.06152917476784423,0.28286597049537654,0.720871743754348,0.17999909946484466,False,False,False
71,0.3125691254490496,0.18985936343449297,0.397212543554007,0.25691749092274946,0.06145898405969018,0.3418620283873308,0.7208103196333144,0.4221958030999742,False,False,False
199,0.3119063420448327,0.19052503963443065,0.39547038327526135,0.2571590408458682,0.06092553467771936,0.22650062312998573,0.7202659403288585,0.4324823553799136,False,False,False
291,0.3102815556354805,0.195647931303669,0.3881145954316686,0.26015310756455173,0.05785820073138718,0.3648975892178047,0.7293390581274779,0.41939639098011333,False,False,False
297,0.3099958315619363,0.19038226730534422,0.39237320944638016,0.25637134003667866,0.06050439042879504,0.4172004222983884,0.7234654119206411,0.376469229334322,False,False,False
292,0.3097654203244154,0.1933653846153846,0.389276035617499,0.25838365668765256,0.05888298507043638,0.28768348793581966,0.7263217207172703,0.18662938211537392,False,False,False
338,0.3096783822232465,0.19212808539026016,0.3902439024390244,0.25748770675011173,0.05950066330219206,0.3981278773291906,0.7248689970160576,0.3169565525167741,False,False,False
38,0.309485660218618,0.19589954875416912,0.38656600851722805,0.26002604166666665,0.057535323473878526,0.2985314442945244,0.7291421422197336,0.2196836176986007,False,False,False
195,0.30948198576086,0.1956713348349819,0.3867595818815331,0.2598686349743123,0.05764762860692502,0.20499498105745317,0.7299920339884495,0.43446650090658473,False,False,False
25,0.3077635984422134,0.19683550602049954,0.38288811459543165,0.2600065724613868,0.05665092055113744,0.35865727935456576,0.7321708029133656,0.32162589052208734,False,False,False
303,0.3075608673651368,0.196444532724203,0.38288811459543165,0.2596652445027896,0.05679130196744555,0.25502539318635975,0.7331226200154335,0.2139058128597991,False,False,False
214,0.3066136962633861,0.1975469990952046,0.3803716608594657,0.2600410242837292,0.056026223248566355,0.4390468537634087,0.7341761240683079,0.2735054848261582,False,False,False
310,0.3060874899061373,0.1981179803703329,0.3790166473093302,0.26021662568941456,0.05562613621208824,0.2928755934566807,0.735242677639944,0.23853086823949526,False,False,False
285,0.30576026690339414,0.1979356405585914,0.3786295005807201,0.25996810207336524,0.05563315528290365,0.3886077985567451,0.7334423889755637,0.3107600518516085,False,False,False
146,0.3054079312343127,0.1983933292658125,0.37766163375919476,0.2601333333333333,0.055331335237841214,0.35576787589050884,0.7339808191024003,0.1873243383628335,False,False,False
186,0.30522399436284425,0.1984927181994093,0.3772744870305846,0.2601267934601268,0.05524008731724094,0.2061944687903992,0.7349114249475741,0.13563679715980753,False,False,False
114,0.30516798247247334,0.19861337683523655,0.3770809136662795,0.260184319487111,0.05516989660908689,0.21467967041253744,0.7345125147317805,0.3819119660046209,False,False,False
66,0.30464127933243357,0.19873171729569397,0.37611304684475416,0.2600548751923978,0.05498740076788635,0.3807784505363465,0.7361142426014035,0.17480066869661112,False,False,False
312,0.30331720121466166,0.20031217481789804,0.37262872628726285,0.2605576610720087,0.05394155921639093,0.24887332373628665,0.7376343473960026,0.3495538393348674,False,False,False
30,0.3031854260727528,0.2005213764337852,0.3722415795586527,0.2606397397668745,0.05381521594171364,0.41256857470843045,0.7377123361738138,0.3137509003772036,False,False,False
159,0.303036316120621,0.20045890696704213,0.37204800619434764,0.26053951470787584,0.05380819687089823,0.4290065637081111,0.738552580179911,0.13878135670238878,False,False,False
21,0.3024939074258477,0.20175160915901658,0.3701122725512969,0.2611486717202759,0.05309927071854228,0.3146370204496378,0.7401950746391941,0.21746847836354966,False,False,False
70,0.3024640473609477,0.20073336825563123,0.3708865660085172,0.26048535109781795,0.053548491250728227,0.3585586084916821,0.7393679740699666,0.4075649986246006,False,False,False
252,0.302301081858616,0.2008816120906801,0.3704994192799071,0.2605144957125357,0.05344320518849715,0.3502123441017574,0.7382206335359599,0.2806142782673533,False,False,False
51,0.30197479524045184,0.20214232686393044,0.3689508323654665,0.26118533744433026,0.05280446974429525,0.44834212460279455,0.7415036231784196,0.12076189495362485,False,False,False
158,0.30163626223492573,0.20169401799894124,0.36875725900116146,0.2607624392580932,0.05292379394815714,0.3942267637392076,0.7394853292676827,0.13874983387199386,False,False,False
308,0.30060161590927914,0.2032258064516129,0.36585365853658536,0.2613023641642472,0.05201131474215443,0.24579515090841908,0.7413651772075588,0.18287150990584294,False,False,False
205,0.30017998446661764,0.20358570039961119,0.36488579171506,0.2613518197573657,0.05175862819279984,0.23906030994016061,0.7437981808629763,0.30941478869032124,False,False,False
52,0.29973721304874723,0.2039045553145336,0.36391792489353464,0.26136521618239955,0.05151997978507605,0.21006343498498095,0.7433420560217526,0.3991824952316099,False,False,False
197,0.2994661273149496,0.20433503975601786,0.36314363143631434,0.2615180874050324,0.05127431230653686,0.36511528632761425,0.7437241139927241,0.29980051111752204,False,False,False
333,0.29903228054275505,0.2054327504673925,0.3615950445218738,0.26200995862262433,0.05071278664130442,0.39847067156379057,0.7457537863994157,0.3518083591516389,False,False,False
112,0.29875252088188087,0.20534829976890062,0.3612078977932636,0.261839612713113,0.050684710358042805,0.43687326126119624,0.7448612326341871,0.426778621948994,False,False,False
337,0.2980947942337616,0.2064975522919448,0.35927216415021296,0.2622580189345768,0.05006001305547172,0.35630369741266643,0.7467370344938474,0.3973902230346317,False,False,False
335,0.297943868671311,0.20643222791008234,0.35907859078590787,0.2621537591859808,0.05005299398465631,0.20901567735993137,0.7466554832559303,0.4142615977043173,False,False,False
319,0.29763091919975143,0.21232161503654717,0.35423925667828104,0.26550598476605003,0.04765247176578764,0.32699146086249053,0.7529842244645236,0.4311123155869786,False,False,False
281,0.2974127543618341,0.212919776119403,0.3534649632210608,0.26575462087032453,0.047378728003986834,0.3436169148178396,0.7542489038071808,0.25652815230918224,False,False,False
320,0.2973528223409374,0.20748566932673934,0.35733643050716224,0.26253288771954775,0.04949146831942387,0.27284754329898764,0.7490130878596114,0.408989498049926,False,False,False
39,0.2968347237158673,0.20740907555455468,0.35656213704994194,0.26226240478393964,0.04940723946963901,0.21214232246173953,0.7481309302530135,0.42702692380441964,False,False,False
75,0.296752391417984,0.2141762000235877,0.3515292295780101,0.26617808721143277,0.04676806884304656,0.3215701531676455,0.7555170297181273,0.44828891463377074,False,False,False
68,0.29644284177611624,0.2137557413732187,0.351335656213705,0.2657977593907886,0.04685931676364683,0.41953685616388436,0.7545173039495159,0.3161099891195214,False,False,False
90,0.2964356209947135,0.2107571560480148,0.3534649632210608,0.2640636297903109,0.047996406235742514,0.2865159557261837,0.7510905545535914,0.2676396080913961,False,False,False
207,0.2948339113355397,0.21680183997094782,0.34668989547038326,0.2667758993073658,0.0454133881756733,0.2794961261541281,0.7579264924452196,0.4055105400799989,False,False,False
217,0.29384713365694554,0.21823984288695225,0.34417344173441733,0.26710733869150455,0.044704462023317355,0.41340854803683985,0.7589287461033538,0.37999378417117713,False,False,False
334,0.2930318894118692,0.21865348980852378,0.3426248548199768,0.26694819395219066,0.044395622907439515,0.39701100842457754,0.7594851326815901,0.43640115855008244,False,False,False
288,0.2928397855407224,0.2196639701306783,0.3416569879984514,0.26740398454662523,0.044009574012592215,0.4285151450816129,0.7623440491518987,0.34045156455083114,False,False,False
29,0.29258294528361983,0.2202351175587794,0.3408826945412311,0.26758851238413617,0.04376390653405302,0.346611293253699,0.7621146896157867,0.2817651889925235,False,False,False
188,0.28943844059410206,0.22383796416515192,0.3337204800619435,0.2679515076157911,0.04196000533449382,0.3989487512013281,0.767074470222831,0.3591629520889264,False,False,False
160,0.28898054452064775,0.22457516339869282,0.33255903987611307,0.2681023720349563,0.04163712807698517,0.20109090537867885,0.7681106963511528,0.2403438358250028,False,False,False
144,0.28877896002957604,0.22407721403417244,0.33255903987611307,0.2677472142133562,0.04175645228084706,0.38694743078666616,0.7669251684034761,0.2624547567884181,False,False,False
257,0.2882521098125497,0.22402300352895047,0.3317847464188928,0.267457283295623,0.041672223431062194,0.21344367739213888,0.7676437069254559,0.3730115238526544,False,False,False
74,0.2878672214114267,0.2243211334120425,0.3310104529616725,0.2674173117522871,0.04150376573149246,0.4364234129561183,0.7664018105723535,0.2644877166730263,False,False,False
222,0.2870465401917696,0.2260684329649847,0.32868757259001163,0.2678867239883253,0.04080185864995192,0.2005588011868493,0.7695840716481558,0.12461099740809264,False,False,False
232,0.2867217075495459,0.22685247219616775,0.32771970576848625,0.268113073085755,0.04050003860488949,0.31164917252937696,0.770240160728976,0.301274967151027,False,False,False
128,0.2860977243748092,0.2259185036740147,0.3273325590398761,0.2673306457987511,0.04066849630445921,0.203099303478949,0.7691859037468709,0.24450300689024984,False,False,False
26,0.28568938904851177,0.22844710361707915,0.3252032520325203,0.268370607028754,0.03982620780661056,0.29016433361256355,0.770477875180906,0.3265841187105488,False,False,False
12,0.28567592609072734,0.22743243243243244,0.32578397212543553,0.2678656692662741,0.04012802785167299,0.43189063775162695,0.770291329247887,0.16083875520461371,False,False,False
43,0.2846302178368669,0.22868482277268373,0.3234610917537747,0.26793874769502124,0.039559483115625155,0.3048180969752013,0.7712707123107783,0.4445276350776694,False,False,False
247,0.2846199562059813,0.22932124209947788,0.3230739450251645,0.26824172291867565,0.039369968203609204,0.43010011824001493,0.7728328855810365,0.34041487711931695,False,False,False
78,0.2844885046088674,0.22964595674335309,0.3226867982965544,0.26832997987927565,0.039250643999747314,0.4037682740546885,0.7724106211112852,0.3668367425543075,False,False,False
44,0.28428880844,0.23080127760033328,0.32171893147502906,0.2687798172555996,0.038878633246530826,0.2947631737593263,0.7723183793452546,0.40986069215756454,False,False,False
179,0.2839833814877211,0.23000276778300582,0.32171893147502906,0.26823757262750164,0.03905411001691596,0.35567283608901096,0.7739125000541558,0.4255279190295587,False,False,False
168,0.28353262129720447,0.2315229563269877,0.32017034456058846,0.2687246141348497,0.038534698776575955,0.2730845567774248,0.7739313614224426,0.41143187107185475,False,False,False
46,0.28263854721458975,0.23154787009700548,0.31881533101045295,0.2682628878573174,0.03836624107700622,0.2464415337177718,0.7744652895876003,0.18668907354300773,False,False,False
124,0.28113855066899046,0.23168485192007934,0.3164924506387921,0.26752843000899945,0.03805740196112838,0.26828913518138,0.7767819056829964,0.15339381102859967,False,False,False
260,0.28068924416029806,0.23152220173074195,0.3159117305458769,0.2672124437167417,0.03802230660705136,0.32605257541971655,0.7771751900943499,0.12141332750886855,False,False,False
49,0.2790564481640681,0.23413217138707335,0.31204026325977546,0.267529665587918,0.03701156040963297,0.322651978877968,0.7777906364584741,0.2908283020249506,False,False,False
113,0.27580711121962626,0.2360137251976727,0.3062330623306233,0.26657679669727863,0.03594466164569134,0.29208604105158603,0.780984238780532,0.2256531197346469,False,False,False
139,0.2689438373767496,0.23875215551026807,0.2948122338366241,0.2638371589432655,0.034084607879608896,0.3685382668234912,0.7845940386948258,0.35048142301101715,False,False,False
181,0.26764297441839413,0.23965107057890564,0.29248935346496324,0.26344695318629585,0.03364942548905376,0.43781998690165436,0.7878030673983223,0.4113396761438473,False,False,False
47,0.2671152273940991,0.24007651841224295,0.29152148664343785,0.26330972987149226,0.03345991057703781,0.27611663161900823,0.7877462492477184,0.1654718668561757,False,False,False
242,0.2670639817039789,0.23992353034889277,0.29152148664343785,0.26321768766931747,0.03348798686029943,0.3351429629721655,0.787525459404183,0.2852002631751965,False,False,False
137,0.2658755380144734,0.24120116241524056,0.289198606271777,0.2630281690140845,0.03298963283240565,0.2030352252305109,0.7892890189196415,0.4469879177407275,False,False,False
121,0.2658677358125531,0.24158576051779934,0.2890050329074719,0.26317644985016747,0.03289838491180538,0.23098147318837875,0.7887599165570242,0.18253212147178122,False,False,False
95,0.2631495777613374,0.2432119205298013,0.2843592721641502,0.26218097447795824,0.03208417269721834,0.3368207103012187,0.7911342710616652,0.22588052444217188,False,False,False
126,0.2615520280580029,0.24331997327989313,0.28203639179248935,0.26125156894387663,0.031803409864602124,0.40486268888615934,0.7919061666098394,0.18987456391612123,False,False,False
283,0.2605652536071046,0.24450827982426496,0.28010065814943863,0.26109707686755684,0.0313822656156778,0.212027132004167,0.7919623128087062,0.3547639296682589,False,False,False
263,0.2596764015232006,0.24560204953031597,0.278358497870693,0.2609563560475456,0.031003235791645902,0.3094029726637627,0.7928761961599881,0.15553741035763424,False,False,False
277,0.2563633150975897,0.24736842105263157,0.27293844367015097,0.25952512424075097,0.030111813798089408,0.23639567302555897,0.7951830066405434,0.183605153960946,False,False,False
187,0.2527127466168233,0.25100328347318496,0.26635694928377857,0.25845229151014276,0.028820304768054805,0.43367080696685256,0.7982489948952609,0.38459459949644387,False,False,False
326,0.24979786010220117,0.2540968167263138,0.2611304684475416,0.2575656324582339,0.02779552042900561,0.293522678314684,0.8021454409092149,0.2757724154352757,False,False,False
45,0.2495548139174754,0.25323822038670923,0.2611304684475416,0.25712379681692554,0.027921863703682905,0.3521852822245617,0.8007410871851126,0.22531372123788979,False,False,False
261,0.24946221579453035,0.2539114043355325,0.2607433217189315,0.2572820169993315,0.027781482287374797,0.38832740389907927,0.8009563856738103,0.23368660105359046,False,False,False
101,0.24841281677600355,0.2557427258805513,0.2586140147115757,0.2571703561116458,0.027290147330296416,0.411424850161743,0.8031104331501898,0.23056546957669447,False,False,False
183,0.24760940849610755,0.25696594427244585,0.2570654277971351,0.2570156764079737,0.026953231931156955,0.40113650157948677,0.803592988074846,0.19149302673623086,False,False,False
336,0.2470267497810467,0.2558857583944423,0.25667828106852497,0.2562814070351759,0.027065537064203442,0.38044743532643066,0.802866304189392,0.1606429933380535,False,False,False
14,0.24670546268795232,0.2599762939549585,0.25474254742547425,0.25733281188893237,0.02629343927450884,0.21663971423879455,0.8056064754152743,0.15474176635186124,False,False,False
173,0.24525980642858575,0.26159405741818914,0.2522260936895083,0.25682467724450575,0.02581614245906127,0.20177133854248702,0.8063829461056111,0.2263717950266546,False,False,False
347,0.24524985052528614,0.2610088070456365,0.2524196670538134,0.2566423932296792,0.025914409450476947,0.27007260789921395,0.8056645432002993,0.33564884751693047,False,False,False
19,0.24307915042536207,0.26381754674337377,0.24854819976771197,0.2559553473537327,0.025149330731597752,0.3230383038938573,0.8078251798547234,0.383750756448982,False,False,False
317,0.24233282470848078,0.2643226473629783,0.24738675958188153,0.2555744425557444,0.024966834890397208,0.3221851248341093,0.8081403485676182,0.3531416071382271,False,False,False
138,0.24166929610081217,0.26516572858036275,0.2462253193960511,0.25534477566997893,0.024742224624304233,0.37667398032830646,0.8087054037091758,0.2947763295166297,False,False,False
85,0.24136206545096797,0.2662746745065099,0.2454510259388308,0.25543916196615635,0.024524633429026665,0.4191695346879257,0.8094923167794111,0.26560350699858415,False,False,False
251,0.23441751905528624,0.271931792685663,0.2346109175377468,0.2518964979736049,0.022776884795990708,0.2882969574302402,0.8145489217301756,0.2754792145957785,False,False,False
92,0.2306419235219297,0.27388387693731203,0.22919086333720481,0.24955211297291602,0.022032863289557728,0.3247985563555559,0.8164793374332453,0.27594347450116286,False,False,False
91,0.22689350481917303,0.27622461170848267,0.2237708091366628,0.24724628381991232,0.021260765499863127,0.338571396431607,0.8174006731813664,0.2156452575703322,False,False,False
7,0.22686742953520744,0.2782335907335907,0.22319008904374757,0.24769065520945222,0.02099404080887772,0.30802325994377594,0.8197428015020506,0.3574227754638092,False,False,False
313,0.2253865552172456,0.27850877192982454,0.22125435540069685,0.24660194174757283,0.02078346868441556,0.4095417585273491,0.8191896015756144,0.34067096273472725,False,False,False
153,0.21857819492408098,0.28407908428720086,0.21138211382113822,0.24239733629300778,0.019316482883995817,0.24607750052246435,0.8232827559784237,0.12164503854717605,False,False,False
238,0.21741584552694906,0.2870419543281997,0.20925280681378242,0.24205105239587998,0.01884620513936365,0.23280124017894396,0.824486184438155,0.13634653088206902,False,False,False
323,0.21719152347387288,0.28670029200955666,0.20905923344947736,0.2418000671666853,0.018860243280994463,0.4135827579111483,0.8242781836022859,0.2236851705347062,False,False,False
175,0.21092968668361042,0.29179588384550326,0.20034843205574912,0.23757603580856193,0.017631905888298507,0.4330275649538404,0.8288227935777716,0.4199868365334337,False,False,False
200,0.20879162828361747,0.2972498537156232,0.19667053813395277,0.23671947809878843,0.016859808098603907,0.32337103944080425,0.8302806740547569,0.1660011364299263,False,False,False
65,0.2072014457865963,0.29754510499852116,0.19473480449090205,0.2354042354042354,0.01667029318658796,0.41653615158275503,0.8307367252156701,0.15408354810532637,False,False,False
240,0.20619910557510865,0.2994299429942994,0.19318621757646148,0.23485115895987763,0.01638953035397174,0.26891635844679157,0.8318612884803565,0.14703356178115815,False,False,False
213,0.2053924185064072,0.2995475113122172,0.19221835075493612,0.23417049876193846,0.01629828243337147,0.33424998460462485,0.831781945503135,0.4064910927545924,False,False,False
23,0.20331478599524394,0.3031337263419175,0.18912117692605498,0.2329240672308976,0.015764833051400657,0.3862970320822111,0.8343345651153,0.28649522676368555,False,False,False
111,0.20251002664914786,0.30438871473354234,0.18795973674022454,0.23240785064624223,0.015575318139384708,0.26463929453718504,0.8350575141608759,0.289040180465187,False,False,False
76,0.20168075237241,0.30444374409076586,0.18699186991869918,0.2316824559299676,0.015491089289599842,0.28691840870897584,0.8348877255774659,0.32825159614772287,False,False,False
300,0.19779762080742067,0.306614532420984,0.1821525358110724,0.22853673345476624,0.014936582695182811,0.24006812004577288,0.8363433212590721,0.23383410450062175,False,False,False
171,0.19762150647720245,0.30885742509054986,0.18157181571815717,0.2286968182372303,0.014733029641536053,0.37298927461242715,0.8367173182603524,0.15635611488502393,False,False,False
3,0.19759150755341917,0.30865416255347156,0.18157181571815717,0.22864107251675808,0.014747067783166864,0.256727337262721,0.8380200177134794,0.2769826256545581,False,False,False
99,0.1964556452912922,0.31020680453635757,0.1800232288037166,0.2278294953454189,0.014515438446258484,0.412447299451259,0.8380615325469847,0.14579152616217814,False,False,False
58,0.19357327311434244,0.3092016238159675,0.17692605497483546,0.22506771731100714,0.014332942605057943,0.21285478863923235,0.8390737054260813,0.26017638518910047,False,False,False
24,0.19151765490184774,0.3104755341144039,0.17440960123886953,0.2233515121467526,0.014045160701626319,0.396020237085352,0.8403881614048003,0.27132501201130166,False,False,False
2,0.18706614581029657,0.3148014440433213,0.16879597367402246,0.21975806451612903,0.013322196407639557,0.4069077929981455,0.8425768577510969,0.14105969451437786,False,False,False
16,0.18594012447653852,0.31422351233671986,0.16763453348819202,0.2186316586720525,0.013266043841116314,0.3948693851928322,0.8423093642803208,0.38466854049028587,False,False,False
169,0.18555564389389315,0.316678912564291,0.16686024003097175,0.21855983772819473,0.01305547171665415,0.36948570046598506,0.8432832058569079,0.2786010190026199,False,False,False
216,0.18010035154375034,0.31983024691358025,0.16047231900890438,0.2137148749677752,0.01237462184755982,0.3332601511965889,0.8458665452335461,0.31446494220932725,False,False,False
120,0.17762462482931843,0.321612011062821,0.1575687185443283,0.21151097830323504,0.012051744590051169,0.23344660639846387,0.8483595137098706,0.318699399305031,False,False,False
215,0.17439245069211326,0.3266062602965404,0.1535036778939218,0.20884909138793784,0.011476180783187922,0.27227582029862757,0.8510043662489923,0.40272310586413607,False,False,False
115,0.17209098815062213,0.32896959459459457,0.15079365079365079,0.20679585877355985,0.01115330352567927,0.41508647269544585,0.8516955590991123,0.191368872233192,False,False,False
54,0.17020374805348357,0.332034632034632,0.14847077042198994,0.20518994114499733,0.01083042626817062,0.3355197587376798,0.8515981735346758,0.18683239461498136,False,False,False
31,0.1698414508568467,0.3303147908581285,0.14827719705768486,0.2046760187040748,0.010900616976324674,0.44545148688563385,0.8529912362507661,0.3291440251128568,False,False,False
229,0.16861086717527346,0.33274802458296754,0.1467286101432443,0.20365394948952176,0.010668987639416294,0.2061208603669026,0.8526067464468204,0.3589553888097875,False,False,False
147,0.1657162376332865,0.337437300501596,0.143244289585753,0.20111428183177063,0.010198709894784129,0.2086177482081907,0.8548106937295493,0.40194962102785453,False,False,False
324,0.16485361602025056,0.3443085606773283,0.14169570267131243,0.20076796489303347,0.009784584716675206,0.32760939226769403,0.856534840445814,0.3588539226475523,False,False,False
318,0.16400263392335213,0.3453681710213777,0.14072783584978707,0.19997249346719845,0.009672279583628719,0.23772993883234786,0.8569379621071398,0.2311927514186343,False,False,False
249,0.1636328713092675,0.34131455399061034,0.14072783584978707,0.1992872807017544,0.009847756354013856,0.29022569837282075,0.8572952693069815,0.20018533444773032,False,False,False
255,0.16023885570642415,0.3458904109589041,0.13685636856368563,0.19611650485436893,0.009384497680197095,0.28749980817699317,0.8584436090437538,0.16933887403148185,False,False,False
202,0.1564745816729515,0.3467945482079758,0.1329849012775842,0.192248495872394,0.009082677635134661,0.22193444577065888,0.8601461627472708,0.2694146758872299,False,False,False
340,0.1550367920337216,0.35541535226077814,0.13085559427022841,0.19128466327108093,0.00860538081968709,0.28872800950204885,0.8608498388449224,0.3008201837023285,False,False,False
20,0.15404198247639594,0.3577148958889482,0.129694154084398,0.19036794999289672,0.008443942190932764,0.29582995569435244,0.8637648547312725,0.26450833227558856,False,False,False
41,0.1537556898908836,0.3617136659436009,0.12911343399148278,0.19029957203994294,0.008261446349732223,0.3812958302127172,0.8636147584695932,0.17461096000198575,False,False,False
116,0.15320190408455667,0.3648871766648321,0.12833914053426249,0.18988973220678793,0.008100007720977897,0.20121433444431977,0.8636828877802211,0.13424782426877188,False,False,False
83,0.15236774795368863,0.3642896627971255,0.1275648470770422,0.1889605734767025,0.008071931437716276,0.26146889675126467,0.8638205559102327,0.42470449934951804,False,False,False
265,0.15196493638639427,0.3641906873614191,0.12717770034843207,0.1885222381635581,0.008050874225270059,0.24444652689519367,0.864499382063225,0.35749572057430123,False,False,False
61,0.1498913263904303,0.36857142857142855,0.1248548199767712,0.186524002313476,0.007756073251023029,0.27227089540954796,0.8659318062356494,0.3365043801013709,False,False,False
350,0.14625294723555465,0.37107291049199764,0.12117692605497483,0.18269371078359842,0.00744723413514519,0.39650907941146085,0.8669324677659505,0.18493016010325045,False,False,False
328,0.14575378057667202,0.3758308157099698,0.12040263259775455,0.18237795044714852,0.007250700152313837,0.32641397241005393,0.8694326312556686,0.3137315864051047,False,False,False
322,0.14412862272707588,0.37576499388004897,0.11885404568331398,0.18058823529411766,0.007159452231713566,0.41950731817164366,0.8685728587335295,0.18695429228598542,False,False,False
219,0.14412862272707588,0.37576499388004897,0.11885404568331398,0.18058823529411766,0.007159452231713566,0.3215395773004052,0.8689268569694011,0.22358259658336777,False,False,False
284,0.14226049138471858,0.3818872704243192,0.11672473867595819,0.1787991104521868,0.006850613115835726,0.23331528610775773,0.8710916968054733,0.3838237082008944,False,False,False
212,0.13609942946036202,0.38596491228070173,0.11072396438250097,0.17208182912154033,0.006387354442018965,0.44397364807033085,0.8739927514819599,0.1434857114408049,False,False,False
93,0.1358177186859175,0.39241379310344826,0.11014324428958576,0.17200725513905682,0.006183801388372208,0.3923106453245554,0.8766677772097177,0.262542068130159,False,False,False
123,0.13539842579414899,0.3923875432525952,0.10975609756097561,0.17153229466041445,0.006162744175925991,0.3092820105499502,0.875131948189522,0.3392338065833038,False,False,False
103,0.13208536241722363,0.4019033674963397,0.10627177700348432,0.16809552969993877,0.005734580856186258,0.350343190702837,0.8785339954545204,0.127348710807768,False,False,False
177,0.13163947583120442,0.40594795539033457,0.10569105691056911,0.16771617263093228,0.00560823758150896,0.33583785435593944,0.8791119046295608,0.176816319015365,False,False,False
236,0.12913654422369625,0.4169278996865204,0.10298102981029811,0.16516609748525302,0.00522218868666166,0.33122759498872845,0.8835621000295795,0.27790283458668996,False,False,False
59,0.12513551881147436,0.42489626556016596,0.09910956252419667,0.16072830010987285,0.004864216075075981,0.3090791649235658,0.8830882689556588,0.12017118557468282,True,False,False
221,0.12416221862003343,0.4222776392352452,0.09833526906697639,0.15952268802009734,0.0048782542167067925,0.23925283103794798,0.8846701157429564,0.3696502363229625,True,False,False
86,0.12191874929073392,0.43243243243243246,0.09601238869531553,0.15713606843022335,0.004569415100828952,0.4401565714072082,0.8854679054363249,0.38242664533229415,True,False,False
88,0.12074899100210866,0.43672014260249553,0.0948509485094851,0.15585241730279897,0.004436052755336249,0.3328231887046512,0.8850860757371644,0.1912551808423178,True,False,False
141,0.12040791880407645,0.43963963963963965,0.09446380178087495,0.15551306564690887,0.004365862047182194,0.369871304564526,0.8858325580381958,0.23658555131419245,True,False,False
5,0.12027999165301291,0.429701230228471,0.09465737514518002,0.15513959390862944,0.004555376959198141,0.3392580380853196,0.8870762299157577,0.33843244985987536,True,False,False
280,0.1190349685871282,0.4256816182937555,0.09368950832365466,0.15357766143106458,0.0045834532424597636,0.4126726579870391,0.8889536103878433,0.3433237477315064,True,False,False
9,0.11767418170407341,0.4375,0.0921409214092141,0.15222257755036778,0.00429567133902814,0.38174865357172066,0.8878635521566476,0.3376094694483276,True,False,False
241,0.11415009990784897,0.446064139941691,0.08885017421602788,0.14818401937046005,0.00400087036478111,0.41066231016763377,0.8906209309908398,0.27814037733184316,True,False,False
174,0.1139619287919351,0.447265625,0.0886566008517228,0.1479806138933764,0.003972794081519488,0.20511074578568772,0.8904943346101617,0.4177600576229491,True,False,False
10,0.11334376957312883,0.4491609081934847,0.08807588075880758,0.14727302152451854,0.003916641514996245,0.4229193165637285,0.8902327797772895,0.44748393613842624,True,False,False
204,0.10829257505438619,0.46344086021505376,0.08343012001548587,0.1414041994750656,0.003502516336887323,0.29877884080159556,0.8940335697523569,0.43462868205563193,True,False,False
253,0.10765116017865667,0.4563829787234043,0.08304297328687572,0.14051752374713397,0.0035867451866721882,0.4211287468416687,0.8949440209448277,0.18273160467696375,True,False,False
226,0.10563162346846278,0.46711259754738016,0.081107239643825,0.13821540491505854,0.0033551158497638085,0.41404876578710414,0.8960358936755399,0.2829902152409517,True,False,False
208,0.10464510907829627,0.4551422319474836,0.0805265195509098,0.1368421052631579,0.0034954972660719173,0.37731850278556206,0.8977356420892963,0.4024703640574612,True,False,False
218,0.1004595484378729,0.47368421052631576,0.07665505226480836,0.13195601466177942,0.003088391158778401,0.3278175598590084,0.8989866001765651,0.12823274717319472,True,False,False
1,0.09897736014261971,0.48084054388133496,0.07530003871467286,0.1302092050209205,0.002948009742470292,0.3,0.9,0.3,True,False,False
321,0.09891608501095077,0.47788697788697787,0.07530003871467286,0.13010033444816055,0.002983105096547319,0.3392167669849856,0.8998816993930281,0.17131915833404987,True,False,False
203,0.09320400480181071,0.48663101604278075,0.07046070460704607,0.12309773419005748,0.002695323193115695,0.29471063924327723,0.9032687500347238,0.39945514575367347,True,False,False
269,0.09310951995417191,0.48148148148148145,0.07046070460704607,0.12293144208037825,0.002751475759638939,0.2909334948898541,0.9022039016647107,0.25750090561764094,True,False,False
270,0.0921330072365152,0.49313186813186816,0.0694928377855207,0.12181879877841872,0.0025900371308846134,0.25409989082031637,0.9064864499732235,0.35812115061862076,True,False,False
27,0.0918127694086757,0.48840381991814463,0.06929926442121565,0.12137650449228683,0.002632151555777046,0.2036707108900177,0.9056845725438951,0.3650885470192783,True,False,False
246,0.09002111982569298,0.49504950495049505,0.06775067750677506,0.11918951132300358,0.002505808281099748,0.42219694159125964,0.9057185275039807,0.28710344293056567,True,False,False
224,0.08938452578545371,0.5,0.06716995741385985,0.11843003412969283,0.0024356175729456937,0.21123535087730178,0.9045361041075057,0.3127409030896967,True,False,False
87,0.08617422541706952,0.4940828402366864,0.06465350367789392,0.11434440260184868,0.0024005222188686662,0.36462019209832297,0.9092173737604563,0.3200997372711266,True,False,False
28,0.08487493711348351,0.5038402457757296,0.06349206349206349,0.11277290699673372,0.0022671598733759626,0.24147671696913342,0.9096108449366023,0.17403793040523763,True,False,False
258,0.08106745160943472,0.5089722675367048,0.06039488966318235,0.10797715867797197,0.0021127403154370425,0.2568477364057121,0.9123916493720544,0.1331622488953375,True,False,False
298,0.08105658840845469,0.50814332247557,0.06039488966318235,0.10795847750865052,0.0021197593862524477,0.36390164561080385,0.9117707731457431,0.24994453276213358,True,False,False
301,0.07737048847663233,0.5059625212947189,0.05749128919860627,0.10325047801147227,0.0020355305364675824,0.4153093355046136,0.9139340560222562,0.38925725052575233,True,False,False
172,0.07134231005212471,0.5171102661596958,0.05265195509097948,0.09557273366127898,0.001782843987112986,0.21432573863513155,0.9156219846168152,0.3796396149674279,True,False,False
176,0.0710752713720172,0.5152091254752852,0.052458381726674407,0.09522136331693605,0.0017898630579283915,0.29801061546546403,0.9173070778788466,0.3702388493430002,True,False,False
305,0.07023490159307907,0.5308151093439364,0.05168408826945412,0.09419650732051509,0.0016565007124356877,0.21716949638729252,0.9181480098716324,0.23805145288719248,True,False,False
192,0.06970942043285348,0.5278884462151394,0.05129694154084398,0.0935074100211715,0.0016635197832510931,0.37145761190595594,0.9150190728306731,0.21234255307027977,True,False,False
108,0.0663910121264586,0.5492341356673961,0.048586914440572976,0.08927618708874266,0.001445928587973524,0.39118917198316216,0.9194514064065202,0.37540001475042656,True,False,False
40,0.06636221962564139,0.5456521739130434,0.048586914440572976,0.08922858158549592,0.0014669858004197403,0.393234347033821,0.9241090918015,0.173705350414636,True,False,False
67,0.06597734472259927,0.5608108108108109,0.04819976771196283,0.08877005347593583,0.0013687188090040641,0.38586499030559634,0.9217253009923991,0.12875570427800453,True,False,False
79,0.0649283452788008,0.5555555555555556,0.04742547425474255,0.08739076154806492,0.0013757378798194696,0.36074960583520815,0.9243119246113496,0.2843175114203329,True,False,False
136,0.06372135202024665,0.5633802816901409,0.04645760743321719,0.08583690987124463,0.001305547171665415,0.298325470924827,0.9244153505266814,0.13060930038318522,True,False,False
33,0.06221262600856314,0.5652173913043478,0.04529616724738676,0.08387096774193549,0.001263432746772982,0.3934301706879066,0.9279895607468177,0.35537520478286044,True,False,False
235,0.0616722013130955,0.5603864734299517,0.04490902051877662,0.08315412186379928,0.0012774708884037932,0.2193879185653666,0.926093227092464,0.16368714611393562,True,False,False
15,0.05897515738564609,0.577023498694517,0.042779713511420826,0.07965399171021806,0.001137089472095684,0.4187512355586521,0.9262214841251284,0.28649365821733597,True,False,False
256,0.056769591406593135,0.5955056179775281,0.04103755323267518,0.07678377399492937,0.0010107461974183858,0.4069810367891431,0.9284581418519957,0.33234253727069124,True,False,False
150,0.05544434237525529,0.5880681818181818,0.04006968641114982,0.07502718376223269,0.0010177652682337912,0.3790327352482095,0.9299191473575216,0.35430031060344,True,False,False
57,0.050148180302149674,0.62,0.036004645760743324,0.06805708013172337,0.0008001740729562221,0.26765803806771515,0.9304850955877351,0.380943531385678,True,False,False
80,0.04822529877522483,0.5946843853820598,0.03464963221060782,0.0654838119626852,0.0008563266394794657,0.44870605340521696,0.937896520344104,0.399786166183806,True,False,False
304,0.04366155005025506,0.6388888888888888,0.03116531165311653,0.059431524547803614,0.0006387354442018966,0.4020462025094812,0.9372178748977423,0.3082593849854528,True,False,False
210,0.04363199322492647,0.62890625,0.03116531165311653,0.059387679822943566,0.0006668117274635184,0.3634967999377793,0.937856911866086,0.44533155614596814,True,False,False
349,0.04102479967872976,0.6398305084745762,0.029229578010065815,0.055905220288781934,0.0005966210193094638,0.29118692007267566,0.940923350559161,0.3015123593946627,True,False,False
22,0.040791800818445294,0.6521739130434783,0.029036004645760744,0.05559673832468495,0.0005615256652324365,0.24955105680322448,0.9415744376662807,0.37633342042843215,True,False,False
206,0.04056556628051647,0.6681614349775785,0.028842431281455673,0.055297828910744105,0.0005194112403400038,0.3716884896353644,0.9412891110960107,0.32519274395400644,True,False,False
149,0.03836496227430838,0.6351351351351351,0.0272938443670151,0.052338530066815145,0.000568544736047842,0.2619867479152212,0.943028627210964,0.12389699909907152,True,False,False
117,0.03625615461622077,0.642512077294686,0.025745257452574527,0.04950679322538619,0.0005194112403400038,0.324072185707309,0.9452756003534071,0.37214509762902587,True,False,False
343,0.0360060278556414,0.6502463054187192,0.025551684088269456,0.04917116781523561,0.0004983540278937874,0.44584496279411395,0.9451792062166111,0.32993673791817246,True,False,False
132,0.03391411604259452,0.6739130434782609,0.024003097173828883,0.04635514018691589,0.0004211442489243274,0.4057669041421037,0.9433811674779788,0.404092435611928,True,False,False
142,0.03389505548223006,0.6631016042780749,0.024003097173828883,0.04632916121800859,0.00044220146137054374,0.30865104392024134,0.9470244017934095,0.3169196956425365,True,False,False
130,0.03282422688708836,0.6629834254143646,0.023228803716608595,0.044884982233027865,0.00042816331973973286,0.23057238430070467,0.9482583443981912,0.4034588623988321,True,False,False
18,0.032503601658416134,0.6329787234042553,0.023035230352303523,0.044452745610758314,0.0004843158862629765,0.22112330470588007,0.9524541237612691,0.3594861573295709,True,False,False
122,0.03147450836443083,0.6571428571428571,0.022260936895083235,0.043063096798352365,0.0004211442489243274,0.21684357628325157,0.9505286296028224,0.2941199989994791,True,False,False
161,0.02881584763213348,0.6774193548387096,0.02032520325203252,0.039466265739522645,0.00035095354077027284,0.23857592968067112,0.9506716864077829,0.15105277118995414,True,False,False
250,0.02643473986885217,0.7218045112781954,0.018583042973286876,0.03623325155689753,0.0002597056201700019,0.402970375176982,0.9475772263596334,0.1887323981638157,True,False,False
17,0.0255821362304469,0.6838235294117647,0.018002322880371662,0.03508110147114297,0.00030182004506243464,0.27421911864282134,0.9580089084875963,0.346295304000462,True,False,False
309,0.024783521641399943,0.6976744186046512,0.017421602787456445,0.0339943342776204,0.0002737437618008128,0.20098649000679863,0.9505445439741178,0.13423652442142914,True,False,False
89,0.024252155152567727,0.7096774193548387,0.017034456058846303,0.0332703213610586,0.00025268654935459644,0.4257231719075709,0.9523300963364272,0.44087426181808737,True,False,False
125,0.022359586480390364,0.7232142857142857,0.0156794425087108,0.030693444486547934,0.00021759119527756915,0.2933458858146687,0.955981768242798,0.1836983125479923,True,False,False
239,0.02234944129369119,0.7105263157894737,0.0156794425087108,0.03068181818181818,0.00023162933690838006,0.2163039174748841,0.9508087827996039,0.4465151692109158,True,False,False
97,0.018801415653937746,0.7083333333333334,0.01316298877274487,0.025845686050931203,0.0001965339828313528,0.3498567021449838,0.959853803362386,0.3591895513414681,True,False,False
346,0.018269122792438395,0.7333333333333333,0.012775842044134728,0.02511415525114155,0.00016845769956973095,0.3504644348090804,0.9574381271659059,0.12456972317140941,True,False,False
316,0.016321178200895355,0.6781609195402298,0.011420828493999226,0.022463354273748334,0.0001965339828313528,0.2697152395595505,0.9650137568001755,0.3326432642989007,True,False,False
302,0.015259742133253415,0.7534246575342466,0.01064653503677894,0.02099637335369345,0.00012634327467729822,0.38596234827500536,0.9598143988435424,0.3916864132757776,True,False,False
170,0.01471090773756058,0.7571428571428571,0.010259388308168796,0.02024446142093201,0.00011932420386189276,0.3137313068335764,0.9603353590070645,0.42208098923957854,True,False,False
182,0.013603937779238826,0.7424242424242424,0.009485094850948509,0.018730886850152905,0.00011932420386189276,0.28014601561247654,0.9646415389427665,0.17271369431549402,True,False,False
37,0.01305406553130503,0.746031746031746,0.009097948122338367,0.017976668579078217,0.00011230513304648731,0.3632305316409996,0.9613910049239086,0.15362507191379982,True,False,False
6,0.01277699756059688,0.7419354838709677,0.008904374758033295,0.017597551644988524,0.00011230513304648731,0.22950147553012884,0.9636159957562913,0.14892447337431333,True,False,False
190,0.012761116657907723,0.696969696969697,0.008904374758033295,0.017584097859327217,0.00014038141630810913,0.38950527078757674,0.9650959904787311,0.14582547253557815,True,False,False
110,0.012495925573699242,0.7258064516129032,0.008710801393728223,0.017214996174445295,0.00011932420386189276,0.26418044038379157,0.9670017788973343,0.39189107914676286,True,False,False
342,0.012488049796488498,0.703125,0.008710801393728223,0.017208413001912046,0.0001333623454927037,0.23087656433481885,0.9667072928675375,0.18273047865909603,True,False,False
330,0.011386868726805803,0.7068965517241379,0.007936507936507936,0.01569678407350689,0.00011932420386189276,0.4422281208805714,0.9664436463840527,0.3700127446977311,True,False,False
131,0.010858166767880088,0.7959183673469388,0.007549361207897794,0.0149568552253116,7.019070815405457e-05,0.4356261548083703,0.9630102617537082,0.2542624269989727,True,False,False
73,0.009176258338621327,0.7021276595744681,0.006387921022067364,0.01266065605217725,9.82669914156764e-05,0.434044232910049,0.9721096933822938,0.29019937317505695,True,False,False
72,0.008637516710346006,0.775,0.006000774293457221,0.011909335382251248,6.317163733864911e-05,0.4247303940801284,0.9699827537621719,0.29935354637635403,True,False,False
225,0.008634030805500693,0.7560975609756098,0.006000774293457221,0.011907048204340312,7.019070815405457e-05,0.40712423706697887,0.9688646288441172,0.19848567701099107,True,False,False
64,0.008087599475230434,0.8055555555555556,0.0056136275648470775,0.01114955786236063,4.91334957078382e-05,0.33151513172150526,0.9785712009532359,0.39053692321854794,True,False,False
275,0.005032198879140841,0.8571428571428571,0.003484320557491289,0.006940427993059572,2.105721244621637e-05,0.34327403533537904,0.9795111933684236,0.26881338413151235,True,True,True
311,0.004193776897827332,0.8333333333333334,0.0029036004645760743,0.005787037037037037,2.105721244621637e-05,0.3149871842341312,0.9756007703544511,0.16907575001471942,True,False,False
